dataset,algorithm,peer,peers,round,learning_rate,accuracy,loss
cifar10,standalone,0,5,100,0.001000,64.150000,1.230708
cifar10,standalone,1,5,100,0.001000,63.890000,1.088505
cifar10,standalone,2,5,100,0.001000,64.560000,1.228022
cifar10,standalone,3,5,100,0.001000,64.380000,1.238740
cifar10,standalone,4,5,100,0.001000,63.110000,1.238781
cifar10,standalone,0,10,100,0.001000,59.030000,1.232522
cifar10,standalone,1,10,100,0.001000,58.870000,1.255120
cifar10,standalone,2,10,100,0.001000,57.870000,1.237539
cifar10,standalone,3,10,100,0.001000,58.130000,1.225158
cifar10,standalone,4,10,100,0.001000,58.700000,1.267967
cifar10,standalone,5,10,100,0.001000,58.630000,1.289002
cifar10,standalone,6,10,100,0.001000,58.320000,1.232712
cifar10,standalone,7,10,100,0.001000,58.310000,1.239072
cifar10,standalone,8,10,100,0.001000,58.030000,1.291546
cifar10,standalone,9,10,100,0.001000,57.940000,1.328587
cifar10,standalone,0,20,100,0.001000,52.610000,1.348098
cifar10,standalone,1,20,100,0.001000,51.950000,1.369344
cifar10,standalone,2,20,100,0.001000,52.360000,1.378199
cifar10,standalone,3,20,100,0.001000,53.940000,1.312201
cifar10,standalone,4,20,100,0.001000,52.760000,1.344548
cifar10,standalone,5,20,100,0.001000,52.430000,1.350453
cifar10,standalone,6,20,100,0.001000,52.740000,1.353662
cifar10,standalone,7,20,100,0.001000,51.810000,1.369838
cifar10,standalone,8,20,100,0.001000,53.280000,1.343369
cifar10,standalone,9,20,100,0.001000,52.990000,1.363315
cifar10,standalone,10,20,100,0.001000,51.690000,1.362502
cifar10,standalone,11,20,100,0.001000,52.860000,1.353329
cifar10,standalone,12,20,100,0.001000,53.550000,1.322765
cifar10,standalone,13,20,100,0.001000,53.100000,1.343788
cifar10,standalone,14,20,100,0.001000,52.510000,1.343979
cifar10,standalone,15,20,100,0.001000,52.980000,1.326711
cifar10,standalone,16,20,100,0.001000,51.250000,1.391851
cifar10,standalone,17,20,100,0.001000,52.600000,1.391977
cifar10,standalone,18,20,100,0.001000,52.630000,1.366178
cifar10,standalone,19,20,100,0.001000,51.840000,1.395393
cifar10,standalone,0,50,100,0.001000,43.030000,1.606404
cifar10,standalone,1,50,100,0.001000,42.700000,1.619657
cifar10,standalone,2,50,100,0.001000,43.000000,1.605518
cifar10,standalone,3,50,100,0.001000,43.830000,1.576981
cifar10,standalone,4,50,100,0.001000,41.400000,1.628036
cifar10,standalone,5,50,100,0.001000,41.940000,1.589821
cifar10,standalone,6,50,100,0.001000,42.280000,1.615256
cifar10,standalone,7,50,100,0.001000,42.970000,1.602917
cifar10,standalone,8,50,100,0.001000,43.670000,1.567635
cifar10,standalone,9,50,100,0.001000,41.760000,1.606892
cifar10,standalone,10,50,100,0.001000,40.490000,1.647455
cifar10,standalone,11,50,100,0.001000,40.710000,1.646073
cifar10,standalone,12,50,100,0.001000,42.930000,1.605686
cifar10,standalone,13,50,100,0.001000,42.100000,1.597238
cifar10,standalone,14,50,100,0.001000,42.280000,1.614286
cifar10,standalone,15,50,100,0.001000,43.670000,1.576930
cifar10,standalone,16,50,100,0.001000,41.400000,1.614186
cifar10,standalone,17,50,100,0.001000,41.210000,1.643885
cifar10,standalone,18,50,100,0.001000,42.920000,1.624867
cifar10,standalone,19,50,100,0.001000,43.280000,1.597428
cifar10,standalone,20,50,100,0.001000,41.710000,1.620979
cifar10,standalone,21,50,100,0.001000,43.010000,1.573897
cifar10,standalone,22,50,100,0.001000,41.960000,1.609994
cifar10,standalone,23,50,100,0.001000,41.390000,1.630271
cifar10,standalone,24,50,100,0.001000,42.270000,1.613529
cifar10,standalone,25,50,100,0.001000,42.570000,1.599212
cifar10,standalone,26,50,100,0.001000,42.400000,1.587642
cifar10,standalone,27,50,100,0.001000,40.230000,1.676673
cifar10,standalone,28,50,100,0.001000,41.620000,1.638476
cifar10,standalone,29,50,100,0.001000,42.760000,1.598359
cifar10,standalone,30,50,100,0.001000,41.610000,1.615372
cifar10,standalone,31,50,100,0.001000,43.430000,1.587363
cifar10,standalone,32,50,100,0.001000,42.260000,1.593208
cifar10,standalone,33,50,100,0.001000,41.770000,1.616901
cifar10,standalone,34,50,100,0.001000,40.920000,1.645113
cifar10,standalone,35,50,100,0.001000,40.820000,1.658579
cifar10,standalone,36,50,100,0.001000,42.000000,1.606441
cifar10,standalone,37,50,100,0.001000,40.680000,1.644989
cifar10,standalone,38,50,100,0.001000,41.380000,1.629773
cifar10,standalone,39,50,100,0.001000,40.840000,1.648123
cifar10,standalone,40,50,100,0.001000,42.100000,1.605910
cifar10,standalone,41,50,100,0.001000,41.750000,1.620032
cifar10,standalone,42,50,100,0.001000,42.820000,1.609815
cifar10,standalone,43,50,100,0.001000,43.130000,1.584475
cifar10,standalone,44,50,100,0.001000,42.050000,1.618899
cifar10,standalone,45,50,100,0.001000,42.850000,1.608984
cifar10,standalone,46,50,100,0.001000,42.810000,1.608157
cifar10,standalone,47,50,100,0.001000,42.720000,1.605423
cifar10,standalone,48,50,100,0.001000,42.470000,1.585867
cifar10,standalone,49,50,100,0.001000,42.480000,1.608501
cifar10,standalone,0,100,100,0.001000,36.270000,1.801792
cifar10,standalone,1,100,100,0.001000,35.220000,1.811967
cifar10,standalone,2,100,100,0.001000,35.800000,1.814871
cifar10,standalone,3,100,100,0.001000,32.770000,1.860772
cifar10,standalone,4,100,100,0.001000,33.300000,1.887814
cifar10,standalone,5,100,100,0.001000,35.980000,1.783718
cifar10,standalone,6,100,100,0.001000,33.190000,1.885685
cifar10,standalone,7,100,100,0.001000,32.340000,1.885971
cifar10,standalone,8,100,100,0.001000,36.000000,1.802362
cifar10,standalone,9,100,100,0.001000,35.970000,1.789072
cifar10,standalone,10,100,100,0.001000,32.710000,1.855672
cifar10,standalone,11,100,100,0.001000,32.610000,1.867757
cifar10,standalone,12,100,100,0.001000,33.220000,1.853131
cifar10,standalone,13,100,100,0.001000,33.260000,1.855685
cifar10,standalone,14,100,100,0.001000,33.740000,1.831705
cifar10,standalone,15,100,100,0.001000,31.720000,1.892145
cifar10,standalone,16,100,100,0.001000,34.340000,1.836102
cifar10,standalone,17,100,100,0.001000,31.910000,1.865113
cifar10,standalone,18,100,100,0.001000,33.460000,1.833591
cifar10,standalone,19,100,100,0.001000,28.530000,1.959313
cifar10,standalone,20,100,100,0.001000,34.260000,1.847493
cifar10,standalone,21,100,100,0.001000,35.620000,1.834039
cifar10,standalone,22,100,100,0.001000,34.650000,1.809904
cifar10,standalone,23,100,100,0.001000,34.870000,1.829013
cifar10,standalone,24,100,100,0.001000,32.920000,1.877876
cifar10,standalone,25,100,100,0.001000,34.850000,1.830902
cifar10,standalone,26,100,100,0.001000,34.890000,1.820804
cifar10,standalone,27,100,100,0.001000,35.770000,1.800568
cifar10,standalone,28,100,100,0.001000,35.390000,1.801294
cifar10,standalone,29,100,100,0.001000,33.990000,1.776178
cifar10,standalone,30,100,100,0.001000,35.980000,1.817017
cifar10,standalone,31,100,100,0.001000,36.060000,1.787107
cifar10,standalone,32,100,100,0.001000,34.130000,1.822839
cifar10,standalone,33,100,100,0.001000,33.340000,1.825524
cifar10,standalone,34,100,100,0.001000,34.660000,1.806968
cifar10,standalone,35,100,100,0.001000,35.060000,1.830795
cifar10,standalone,36,100,100,0.001000,33.670000,1.845459
cifar10,standalone,37,100,100,0.001000,35.080000,1.837947
cifar10,standalone,38,100,100,0.001000,34.260000,1.854725
cifar10,standalone,39,100,100,0.001000,36.950000,1.779816
cifar10,standalone,40,100,100,0.001000,34.100000,1.814042
cifar10,standalone,41,100,100,0.001000,32.770000,1.867338
cifar10,standalone,42,100,100,0.001000,34.450000,1.836210
cifar10,standalone,43,100,100,0.001000,36.360000,1.808387
cifar10,standalone,44,100,100,0.001000,35.150000,1.823907
cifar10,standalone,45,100,100,0.001000,33.710000,1.823157
cifar10,standalone,46,100,100,0.001000,35.280000,1.818719
cifar10,standalone,47,100,100,0.001000,34.110000,1.829532
cifar10,standalone,48,100,100,0.001000,36.460000,1.782200
cifar10,standalone,49,100,100,0.001000,35.420000,1.794576
cifar10,standalone,50,100,100,0.001000,32.490000,1.851975
cifar10,standalone,51,100,100,0.001000,33.290000,1.842534
cifar10,standalone,52,100,100,0.001000,31.560000,1.904470
cifar10,standalone,53,100,100,0.001000,31.870000,1.861110
cifar10,standalone,54,100,100,0.001000,35.980000,1.777764
cifar10,standalone,55,100,100,0.001000,35.120000,1.828048
cifar10,standalone,56,100,100,0.001000,35.530000,1.821553
cifar10,standalone,57,100,100,0.001000,33.650000,1.841907
cifar10,standalone,58,100,100,0.001000,31.930000,1.875278
cifar10,standalone,59,100,100,0.001000,34.500000,1.802277
cifar10,standalone,60,100,100,0.001000,31.380000,1.872190
cifar10,standalone,61,100,100,0.001000,31.100000,1.889182
cifar10,standalone,62,100,100,0.001000,34.250000,1.832336
cifar10,standalone,63,100,100,0.001000,33.220000,1.889019
cifar10,standalone,64,100,100,0.001000,35.330000,1.829772
cifar10,standalone,65,100,100,0.001000,36.230000,1.771192
cifar10,standalone,66,100,100,0.001000,33.540000,1.852155
cifar10,standalone,67,100,100,0.001000,33.880000,1.855410
cifar10,standalone,68,100,100,0.001000,35.350000,1.803330
cifar10,standalone,69,100,100,0.001000,32.910000,1.839872
cifar10,standalone,70,100,100,0.001000,34.170000,1.841545
cifar10,standalone,71,100,100,0.001000,32.130000,1.901692
cifar10,standalone,72,100,100,0.001000,34.720000,1.805658
cifar10,standalone,73,100,100,0.001000,35.120000,1.797742
cifar10,standalone,74,100,100,0.001000,33.970000,1.842456
cifar10,standalone,75,100,100,0.001000,36.060000,1.796434
cifar10,standalone,76,100,100,0.001000,33.540000,1.829840
cifar10,standalone,77,100,100,0.001000,35.170000,1.806521
cifar10,standalone,78,100,100,0.001000,34.470000,1.857539
cifar10,standalone,79,100,100,0.001000,36.960000,1.794998
cifar10,standalone,80,100,100,0.001000,33.970000,1.827028
cifar10,standalone,81,100,100,0.001000,37.130000,1.771643
cifar10,standalone,82,100,100,0.001000,34.420000,1.827780
cifar10,standalone,83,100,100,0.001000,31.730000,1.893917
cifar10,standalone,84,100,100,0.001000,33.300000,1.855329
cifar10,standalone,85,100,100,0.001000,36.080000,1.803023
cifar10,standalone,86,100,100,0.001000,32.030000,1.864469
cifar10,standalone,87,100,100,0.001000,31.500000,1.939376
cifar10,standalone,88,100,100,0.001000,36.180000,1.802082
cifar10,standalone,89,100,100,0.001000,33.260000,1.849258
cifar10,standalone,90,100,100,0.001000,36.810000,1.761394
cifar10,standalone,91,100,100,0.001000,34.120000,1.850229
cifar10,standalone,92,100,100,0.001000,34.750000,1.844787
cifar10,standalone,93,100,100,0.001000,34.490000,1.822275
cifar10,standalone,94,100,100,0.001000,31.100000,1.942284
cifar10,standalone,95,100,100,0.001000,34.980000,1.804026
cifar10,standalone,96,100,100,0.001000,34.710000,1.793188
cifar10,standalone,97,100,100,0.001000,34.250000,1.838261
cifar10,standalone,98,100,100,0.001000,29.460000,1.936820
cifar10,standalone,99,100,100,0.001000,34.760000,1.853922
cifar10,standalone,0,200,100,0.001000,29.420000,1.901513
cifar10,standalone,1,200,100,0.001000,24.640000,2.073420
cifar10,standalone,2,200,100,0.001000,26.370000,2.090317
cifar10,standalone,3,200,100,0.001000,29.140000,1.947142
cifar10,standalone,4,200,100,0.001000,27.600000,2.011511
cifar10,standalone,5,200,100,0.001000,24.580000,2.074733
cifar10,standalone,6,200,100,0.001000,23.000000,2.141540
cifar10,standalone,7,200,100,0.001000,24.160000,2.119392
cifar10,standalone,8,200,100,0.001000,23.070000,2.099249
cifar10,standalone,9,200,100,0.001000,28.690000,1.975602
cifar10,standalone,10,200,100,0.001000,27.380000,1.994673
cifar10,standalone,11,200,100,0.001000,31.050000,1.949783
cifar10,standalone,12,200,100,0.001000,28.500000,1.979961
cifar10,standalone,13,200,100,0.001000,30.140000,1.995192
cifar10,standalone,14,200,100,0.001000,27.430000,2.022100
cifar10,standalone,15,200,100,0.001000,25.990000,2.063331
cifar10,standalone,16,200,100,0.001000,25.480000,2.008179
cifar10,standalone,17,200,100,0.001000,25.850000,2.074403
cifar10,standalone,18,200,100,0.001000,26.290000,2.017803
cifar10,standalone,19,200,100,0.001000,25.480000,2.131067
cifar10,standalone,20,200,100,0.001000,25.130000,2.088202
cifar10,standalone,21,200,100,0.001000,22.980000,2.128363
cifar10,standalone,22,200,100,0.001000,28.330000,2.030798
cifar10,standalone,23,200,100,0.001000,26.690000,2.033146
cifar10,standalone,24,200,100,0.001000,22.280000,2.067212
cifar10,standalone,25,200,100,0.001000,27.300000,2.009143
cifar10,standalone,26,200,100,0.001000,23.240000,2.122182
cifar10,standalone,27,200,100,0.001000,25.160000,2.017680
cifar10,standalone,28,200,100,0.001000,25.000000,2.071930
cifar10,standalone,29,200,100,0.001000,27.200000,2.001415
cifar10,standalone,30,200,100,0.001000,26.980000,2.050748
cifar10,standalone,31,200,100,0.001000,23.650000,2.068368
cifar10,standalone,32,200,100,0.001000,25.310000,2.078273
cifar10,standalone,33,200,100,0.001000,25.400000,2.030185
cifar10,standalone,34,200,100,0.001000,24.700000,2.092371
cifar10,standalone,35,200,100,0.001000,25.830000,2.035393
cifar10,standalone,36,200,100,0.001000,29.830000,1.967712
cifar10,standalone,37,200,100,0.001000,29.330000,1.994874
cifar10,standalone,38,200,100,0.001000,29.520000,1.958210
cifar10,standalone,39,200,100,0.001000,23.490000,2.079923
cifar10,standalone,40,200,100,0.001000,25.350000,2.041711
cifar10,standalone,41,200,100,0.001000,22.800000,2.063379
cifar10,standalone,42,200,100,0.001000,25.510000,2.037962
cifar10,standalone,43,200,100,0.001000,24.500000,2.056986
cifar10,standalone,44,200,100,0.001000,29.340000,1.975027
cifar10,standalone,45,200,100,0.001000,27.570000,1.999202
cifar10,standalone,46,200,100,0.001000,25.040000,2.086797
cifar10,standalone,47,200,100,0.001000,25.880000,2.132451
cifar10,standalone,48,200,100,0.001000,30.390000,1.977186
cifar10,standalone,49,200,100,0.001000,27.680000,2.030128
cifar10,standalone,50,200,100,0.001000,26.600000,2.025842
cifar10,standalone,51,200,100,0.001000,27.170000,2.049057
cifar10,standalone,52,200,100,0.001000,25.080000,2.079940
cifar10,standalone,53,200,100,0.001000,28.330000,1.980054
cifar10,standalone,54,200,100,0.001000,30.050000,1.930785
cifar10,standalone,55,200,100,0.001000,28.700000,1.993436
cifar10,standalone,56,200,100,0.001000,24.260000,2.049913
cifar10,standalone,57,200,100,0.001000,27.870000,2.043491
cifar10,standalone,58,200,100,0.001000,26.200000,2.019157
cifar10,standalone,59,200,100,0.001000,27.280000,2.001410
cifar10,standalone,60,200,100,0.001000,27.900000,2.012864
cifar10,standalone,61,200,100,0.001000,29.290000,1.991116
cifar10,standalone,62,200,100,0.001000,25.860000,2.059673
cifar10,standalone,63,200,100,0.001000,26.770000,2.012674
cifar10,standalone,64,200,100,0.001000,24.800000,2.043199
cifar10,standalone,65,200,100,0.001000,21.260000,2.184450
cifar10,standalone,66,200,100,0.001000,28.030000,1.986547
cifar10,standalone,67,200,100,0.001000,29.300000,2.008248
cifar10,standalone,68,200,100,0.001000,25.150000,2.081324
cifar10,standalone,69,200,100,0.001000,24.910000,2.099465
cifar10,standalone,70,200,100,0.001000,29.430000,2.003129
cifar10,standalone,71,200,100,0.001000,25.550000,2.061445
cifar10,standalone,72,200,100,0.001000,24.860000,2.058313
cifar10,standalone,73,200,100,0.001000,25.770000,2.002793
cifar10,standalone,74,200,100,0.001000,27.880000,2.014760
cifar10,standalone,75,200,100,0.001000,26.270000,2.084834
cifar10,standalone,76,200,100,0.001000,28.560000,2.001883
cifar10,standalone,77,200,100,0.001000,25.510000,2.065088
cifar10,standalone,78,200,100,0.001000,28.850000,1.995470
cifar10,standalone,79,200,100,0.001000,25.490000,2.046005
cifar10,standalone,80,200,100,0.001000,27.720000,1.989347
cifar10,standalone,81,200,100,0.001000,25.120000,2.079243
cifar10,standalone,82,200,100,0.001000,27.370000,1.984925
cifar10,standalone,83,200,100,0.001000,25.560000,2.029342
cifar10,standalone,84,200,100,0.001000,27.230000,2.041114
cifar10,standalone,85,200,100,0.001000,26.490000,2.064029
cifar10,standalone,86,200,100,0.001000,25.870000,2.064690
cifar10,standalone,87,200,100,0.001000,28.930000,1.980552
cifar10,standalone,88,200,100,0.001000,23.680000,2.079092
cifar10,standalone,89,200,100,0.001000,27.250000,1.990206
cifar10,standalone,90,200,100,0.001000,26.690000,2.031735
cifar10,standalone,91,200,100,0.001000,26.930000,2.027387
cifar10,standalone,92,200,100,0.001000,27.380000,2.053830
cifar10,standalone,93,200,100,0.001000,27.010000,2.009076
cifar10,standalone,94,200,100,0.001000,29.010000,1.970355
cifar10,standalone,95,200,100,0.001000,27.400000,2.048735
cifar10,standalone,96,200,100,0.001000,26.610000,2.047330
cifar10,standalone,97,200,100,0.001000,28.860000,2.018319
cifar10,standalone,98,200,100,0.001000,28.610000,2.003319
cifar10,standalone,99,200,100,0.001000,29.280000,1.981003
cifar10,standalone,100,200,100,0.001000,26.030000,2.042330
cifar10,standalone,101,200,100,0.001000,26.020000,2.054164
cifar10,standalone,102,200,100,0.001000,28.410000,2.038061
cifar10,standalone,103,200,100,0.001000,30.470000,1.953283
cifar10,standalone,104,200,100,0.001000,28.830000,1.981167
cifar10,standalone,105,200,100,0.001000,26.880000,2.031979
cifar10,standalone,106,200,100,0.001000,25.260000,2.075583
cifar10,standalone,107,200,100,0.001000,28.100000,1.994221
cifar10,standalone,108,200,100,0.001000,23.690000,2.104798
cifar10,standalone,109,200,100,0.001000,26.550000,1.974387
cifar10,standalone,110,200,100,0.001000,29.930000,1.960620
cifar10,standalone,111,200,100,0.001000,27.070000,2.025151
cifar10,standalone,112,200,100,0.001000,29.340000,2.021439
cifar10,standalone,113,200,100,0.001000,27.260000,1.999098
cifar10,standalone,114,200,100,0.001000,25.910000,2.051128
cifar10,standalone,115,200,100,0.001000,24.660000,2.071287
cifar10,standalone,116,200,100,0.001000,24.750000,2.042558
cifar10,standalone,117,200,100,0.001000,25.310000,2.011091
cifar10,standalone,118,200,100,0.001000,26.850000,2.078975
cifar10,standalone,119,200,100,0.001000,25.060000,2.093501
cifar10,standalone,120,200,100,0.001000,23.340000,2.131956
cifar10,standalone,121,200,100,0.001000,22.220000,2.071567
cifar10,standalone,122,200,100,0.001000,26.380000,2.013326
cifar10,standalone,123,200,100,0.001000,26.150000,2.044690
cifar10,standalone,124,200,100,0.001000,28.390000,2.028420
cifar10,standalone,125,200,100,0.001000,24.260000,2.100042
cifar10,standalone,126,200,100,0.001000,26.420000,2.056211
cifar10,standalone,127,200,100,0.001000,24.070000,2.102227
cifar10,standalone,128,200,100,0.001000,28.350000,2.039308
cifar10,standalone,129,200,100,0.001000,26.160000,2.043265
cifar10,standalone,130,200,100,0.001000,26.550000,2.067412
cifar10,standalone,131,200,100,0.001000,26.900000,2.032633
cifar10,standalone,132,200,100,0.001000,25.680000,2.077741
cifar10,standalone,133,200,100,0.001000,24.170000,2.134106
cifar10,standalone,134,200,100,0.001000,24.290000,2.175989
cifar10,standalone,135,200,100,0.001000,29.560000,1.983306
cifar10,standalone,136,200,100,0.001000,25.150000,2.064872
cifar10,standalone,137,200,100,0.001000,24.920000,2.088079
cifar10,standalone,138,200,100,0.001000,24.340000,2.084864
cifar10,standalone,139,200,100,0.001000,24.270000,2.052485
cifar10,standalone,140,200,100,0.001000,24.110000,2.123948
cifar10,standalone,141,200,100,0.001000,23.800000,2.128077
cifar10,standalone,142,200,100,0.001000,25.770000,2.037273
cifar10,standalone,143,200,100,0.001000,21.510000,2.120195
cifar10,standalone,144,200,100,0.001000,26.670000,2.031899
cifar10,standalone,145,200,100,0.001000,28.920000,2.032032
cifar10,standalone,146,200,100,0.001000,27.340000,2.039409
cifar10,standalone,147,200,100,0.001000,26.520000,2.040913
cifar10,standalone,148,200,100,0.001000,28.720000,2.014190
cifar10,standalone,149,200,100,0.001000,27.480000,2.027751
cifar10,standalone,150,200,100,0.001000,27.850000,1.995478
cifar10,standalone,151,200,100,0.001000,23.730000,2.081459
cifar10,standalone,152,200,100,0.001000,27.290000,1.969302
cifar10,standalone,153,200,100,0.001000,27.230000,2.029013
cifar10,standalone,154,200,100,0.001000,28.560000,1.987756
cifar10,standalone,155,200,100,0.001000,26.600000,2.041547
cifar10,standalone,156,200,100,0.001000,26.680000,2.034825
cifar10,standalone,157,200,100,0.001000,31.230000,1.974140
cifar10,standalone,158,200,100,0.001000,26.560000,2.051975
cifar10,standalone,159,200,100,0.001000,27.720000,2.016201
cifar10,standalone,160,200,100,0.001000,25.940000,2.038568
cifar10,standalone,161,200,100,0.001000,24.290000,2.071157
cifar10,standalone,162,200,100,0.001000,25.120000,2.108133
cifar10,standalone,163,200,100,0.001000,26.800000,2.024728
cifar10,standalone,164,200,100,0.001000,24.450000,2.059457
cifar10,standalone,165,200,100,0.001000,26.960000,2.033915
cifar10,standalone,166,200,100,0.001000,28.340000,1.999563
cifar10,standalone,167,200,100,0.001000,26.030000,2.038605
cifar10,standalone,168,200,100,0.001000,29.110000,2.000485
cifar10,standalone,169,200,100,0.001000,22.750000,2.137678
cifar10,standalone,170,200,100,0.001000,24.720000,2.092326
cifar10,standalone,171,200,100,0.001000,28.190000,1.998882
cifar10,standalone,172,200,100,0.001000,26.820000,2.041549
cifar10,standalone,173,200,100,0.001000,26.700000,2.022579
cifar10,standalone,174,200,100,0.001000,25.930000,2.043018
cifar10,standalone,175,200,100,0.001000,27.320000,2.036541
cifar10,standalone,176,200,100,0.001000,29.500000,2.006260
cifar10,standalone,177,200,100,0.001000,29.790000,1.962561
cifar10,standalone,178,200,100,0.001000,27.090000,2.015955
cifar10,standalone,179,200,100,0.001000,29.000000,1.985739
cifar10,standalone,180,200,100,0.001000,28.540000,1.990567
cifar10,standalone,181,200,100,0.001000,27.250000,2.013900
cifar10,standalone,182,200,100,0.001000,24.750000,2.080711
cifar10,standalone,183,200,100,0.001000,28.990000,1.983016
cifar10,standalone,184,200,100,0.001000,26.080000,2.039880
cifar10,standalone,185,200,100,0.001000,26.760000,2.024154
cifar10,standalone,186,200,100,0.001000,27.440000,2.032877
cifar10,standalone,187,200,100,0.001000,23.510000,2.097640
cifar10,standalone,188,200,100,0.001000,24.740000,2.028453
cifar10,standalone,189,200,100,0.001000,27.380000,2.009465
cifar10,standalone,190,200,100,0.001000,24.220000,2.121208
cifar10,standalone,191,200,100,0.001000,26.220000,2.066603
cifar10,standalone,192,200,100,0.001000,27.900000,2.006729
cifar10,standalone,193,200,100,0.001000,30.900000,1.968739
cifar10,standalone,194,200,100,0.001000,27.060000,2.042512
cifar10,standalone,195,200,100,0.001000,28.000000,2.018200
cifar10,standalone,196,200,100,0.001000,25.110000,2.048684
cifar10,standalone,197,200,100,0.001000,23.150000,2.087293
cifar10,standalone,198,200,100,0.001000,27.760000,2.028191
cifar10,standalone,199,200,100,0.001000,25.710000,2.115347
cifar10,standalone,0,400,100,0.001000,19.830000,2.202319
cifar10,standalone,1,400,100,0.001000,17.120000,2.231409
cifar10,standalone,2,400,100,0.001000,15.710000,2.280939
cifar10,standalone,3,400,100,0.001000,18.550000,2.223978
cifar10,standalone,4,400,100,0.001000,17.090000,2.268900
cifar10,standalone,5,400,100,0.001000,17.380000,2.190694
cifar10,standalone,6,400,100,0.001000,17.440000,2.217183
cifar10,standalone,7,400,100,0.001000,16.180000,2.222557
cifar10,standalone,8,400,100,0.001000,16.770000,2.222315
cifar10,standalone,9,400,100,0.001000,17.850000,2.297721
cifar10,standalone,10,400,100,0.001000,22.410000,2.182535
cifar10,standalone,11,400,100,0.001000,16.910000,2.289462
cifar10,standalone,12,400,100,0.001000,22.640000,2.162813
cifar10,standalone,13,400,100,0.001000,19.350000,2.222013
cifar10,standalone,14,400,100,0.001000,14.960000,2.286455
cifar10,standalone,15,400,100,0.001000,21.300000,2.169126
cifar10,standalone,16,400,100,0.001000,15.300000,2.299965
cifar10,standalone,17,400,100,0.001000,21.420000,2.166899
cifar10,standalone,18,400,100,0.001000,22.010000,2.157467
cifar10,standalone,19,400,100,0.001000,18.070000,2.222910
cifar10,standalone,20,400,100,0.001000,18.170000,2.248311
cifar10,standalone,21,400,100,0.001000,20.870000,2.199952
cifar10,standalone,22,400,100,0.001000,15.130000,2.316835
cifar10,standalone,23,400,100,0.001000,12.750000,2.289935
cifar10,standalone,24,400,100,0.001000,14.190000,2.298397
cifar10,standalone,25,400,100,0.001000,23.620000,2.174640
cifar10,standalone,26,400,100,0.001000,22.470000,2.166329
cifar10,standalone,27,400,100,0.001000,22.550000,2.106850
cifar10,standalone,28,400,100,0.001000,16.370000,2.240853
cifar10,standalone,29,400,100,0.001000,19.860000,2.230791
cifar10,standalone,30,400,100,0.001000,20.900000,2.332357
cifar10,standalone,31,400,100,0.001000,17.930000,2.223815
cifar10,standalone,32,400,100,0.001000,19.490000,2.198676
cifar10,standalone,33,400,100,0.001000,12.790000,2.253962
cifar10,standalone,34,400,100,0.001000,18.890000,2.253712
cifar10,standalone,35,400,100,0.001000,16.550000,2.215138
cifar10,standalone,36,400,100,0.001000,23.040000,2.151950
cifar10,standalone,37,400,100,0.001000,19.650000,2.171686
cifar10,standalone,38,400,100,0.001000,21.650000,2.144777
cifar10,standalone,39,400,100,0.001000,18.510000,2.241403
cifar10,standalone,40,400,100,0.001000,19.270000,2.223458
cifar10,standalone,41,400,100,0.001000,17.880000,2.193655
cifar10,standalone,42,400,100,0.001000,15.120000,2.279330
cifar10,standalone,43,400,100,0.001000,17.040000,2.275930
cifar10,standalone,44,400,100,0.001000,20.350000,2.183727
cifar10,standalone,45,400,100,0.001000,17.190000,2.249551
cifar10,standalone,46,400,100,0.001000,14.760000,2.242203
cifar10,standalone,47,400,100,0.001000,20.620000,2.166539
cifar10,standalone,48,400,100,0.001000,17.760000,2.261211
cifar10,standalone,49,400,100,0.001000,19.720000,2.238025
cifar10,standalone,50,400,100,0.001000,13.400000,2.312878
cifar10,standalone,51,400,100,0.001000,22.770000,2.146349
cifar10,standalone,52,400,100,0.001000,17.540000,2.240183
cifar10,standalone,53,400,100,0.001000,14.470000,2.272693
cifar10,standalone,54,400,100,0.001000,19.590000,2.182043
cifar10,standalone,55,400,100,0.001000,18.130000,2.322967
cifar10,standalone,56,400,100,0.001000,16.660000,2.274051
cifar10,standalone,57,400,100,0.001000,16.260000,2.379627
cifar10,standalone,58,400,100,0.001000,17.740000,2.240875
cifar10,standalone,59,400,100,0.001000,19.530000,2.242949
cifar10,standalone,60,400,100,0.001000,18.700000,2.279833
cifar10,standalone,61,400,100,0.001000,15.930000,2.261115
cifar10,standalone,62,400,100,0.001000,17.510000,2.278928
cifar10,standalone,63,400,100,0.001000,17.020000,2.245273
cifar10,standalone,64,400,100,0.001000,17.750000,2.273537
cifar10,standalone,65,400,100,0.001000,17.250000,2.226600
cifar10,standalone,66,400,100,0.001000,16.250000,2.274723
cifar10,standalone,67,400,100,0.001000,19.840000,2.220039
cifar10,standalone,68,400,100,0.001000,18.990000,2.204016
cifar10,standalone,69,400,100,0.001000,16.410000,2.226505
cifar10,standalone,70,400,100,0.001000,13.850000,2.315163
cifar10,standalone,71,400,100,0.001000,20.240000,2.220485
cifar10,standalone,72,400,100,0.001000,12.340000,2.273426
cifar10,standalone,73,400,100,0.001000,21.610000,2.211431
cifar10,standalone,74,400,100,0.001000,22.500000,2.113589
cifar10,standalone,75,400,100,0.001000,19.670000,2.218831
cifar10,standalone,76,400,100,0.001000,15.780000,2.211672
cifar10,standalone,77,400,100,0.001000,20.040000,2.202796
cifar10,standalone,78,400,100,0.001000,20.460000,2.221835
cifar10,standalone,79,400,100,0.001000,15.260000,2.285455
cifar10,standalone,80,400,100,0.001000,19.500000,2.208621
cifar10,standalone,81,400,100,0.001000,15.670000,2.267281
cifar10,standalone,82,400,100,0.001000,21.470000,2.145069
cifar10,standalone,83,400,100,0.001000,21.750000,2.116687
cifar10,standalone,84,400,100,0.001000,17.230000,2.255827
cifar10,standalone,85,400,100,0.001000,22.500000,2.168498
cifar10,standalone,86,400,100,0.001000,18.060000,2.215375
cifar10,standalone,87,400,100,0.001000,15.000000,2.284976
cifar10,standalone,88,400,100,0.001000,17.310000,2.293602
cifar10,standalone,89,400,100,0.001000,21.250000,2.215667
cifar10,standalone,90,400,100,0.001000,16.000000,2.254598
cifar10,standalone,91,400,100,0.001000,21.820000,2.195429
cifar10,standalone,92,400,100,0.001000,19.290000,2.211363
cifar10,standalone,93,400,100,0.001000,20.710000,2.166667
cifar10,standalone,94,400,100,0.001000,16.210000,2.320881
cifar10,standalone,95,400,100,0.001000,19.780000,2.174901
cifar10,standalone,96,400,100,0.001000,16.350000,2.262572
cifar10,standalone,97,400,100,0.001000,19.780000,2.259289
cifar10,standalone,98,400,100,0.001000,16.010000,2.227776
cifar10,standalone,99,400,100,0.001000,19.280000,2.259871
cifar10,standalone,100,400,100,0.001000,22.320000,2.179554
cifar10,standalone,101,400,100,0.001000,16.810000,2.259163
cifar10,standalone,102,400,100,0.001000,17.050000,2.247270
cifar10,standalone,103,400,100,0.001000,14.460000,2.265005
cifar10,standalone,104,400,100,0.001000,16.910000,2.244696
cifar10,standalone,105,400,100,0.001000,14.300000,2.275105
cifar10,standalone,106,400,100,0.001000,17.260000,2.238019
cifar10,standalone,107,400,100,0.001000,22.720000,2.197339
cifar10,standalone,108,400,100,0.001000,17.930000,2.242446
cifar10,standalone,109,400,100,0.001000,17.610000,2.268897
cifar10,standalone,110,400,100,0.001000,22.970000,2.171382
cifar10,standalone,111,400,100,0.001000,16.920000,2.197648
cifar10,standalone,112,400,100,0.001000,17.220000,2.180089
cifar10,standalone,113,400,100,0.001000,12.660000,2.288812
cifar10,standalone,114,400,100,0.001000,15.100000,2.256600
cifar10,standalone,115,400,100,0.001000,16.940000,2.256749
cifar10,standalone,116,400,100,0.001000,20.570000,2.143956
cifar10,standalone,117,400,100,0.001000,18.490000,2.182675
cifar10,standalone,118,400,100,0.001000,14.530000,2.282779
cifar10,standalone,119,400,100,0.001000,14.720000,2.233506
cifar10,standalone,120,400,100,0.001000,22.730000,2.117253
cifar10,standalone,121,400,100,0.001000,20.370000,2.153427
cifar10,standalone,122,400,100,0.001000,21.490000,2.169841
cifar10,standalone,123,400,100,0.001000,20.310000,2.197326
cifar10,standalone,124,400,100,0.001000,21.630000,2.236034
cifar10,standalone,125,400,100,0.001000,16.280000,2.262128
cifar10,standalone,126,400,100,0.001000,24.100000,2.139425
cifar10,standalone,127,400,100,0.001000,19.790000,2.235353
cifar10,standalone,128,400,100,0.001000,15.200000,2.263160
cifar10,standalone,129,400,100,0.001000,18.880000,2.204478
cifar10,standalone,130,400,100,0.001000,18.180000,2.289573
cifar10,standalone,131,400,100,0.001000,16.620000,2.273100
cifar10,standalone,132,400,100,0.001000,17.470000,2.242855
cifar10,standalone,133,400,100,0.001000,15.900000,2.241488
cifar10,standalone,134,400,100,0.001000,20.620000,2.157529
cifar10,standalone,135,400,100,0.001000,16.520000,2.286468
cifar10,standalone,136,400,100,0.001000,14.350000,2.307220
cifar10,standalone,137,400,100,0.001000,15.960000,2.276220
cifar10,standalone,138,400,100,0.001000,11.440000,2.310728
cifar10,standalone,139,400,100,0.001000,19.720000,2.240951
cifar10,standalone,140,400,100,0.001000,18.690000,2.253535
cifar10,standalone,141,400,100,0.001000,20.020000,2.213635
cifar10,standalone,142,400,100,0.001000,20.010000,2.191152
cifar10,standalone,143,400,100,0.001000,12.850000,2.252059
cifar10,standalone,144,400,100,0.001000,13.930000,2.243789
cifar10,standalone,145,400,100,0.001000,18.170000,2.253543
cifar10,standalone,146,400,100,0.001000,18.610000,2.270703
cifar10,standalone,147,400,100,0.001000,19.450000,2.215641
cifar10,standalone,148,400,100,0.001000,19.240000,2.247430
cifar10,standalone,149,400,100,0.001000,20.630000,2.163122
cifar10,standalone,150,400,100,0.001000,15.730000,2.314646
cifar10,standalone,151,400,100,0.001000,19.530000,2.235005
cifar10,standalone,152,400,100,0.001000,17.940000,2.254996
cifar10,standalone,153,400,100,0.001000,19.720000,2.238203
cifar10,standalone,154,400,100,0.001000,20.600000,2.141678
cifar10,standalone,155,400,100,0.001000,20.220000,2.209539
cifar10,standalone,156,400,100,0.001000,19.030000,2.196180
cifar10,standalone,157,400,100,0.001000,19.270000,2.264068
cifar10,standalone,158,400,100,0.001000,15.810000,2.248733
cifar10,standalone,159,400,100,0.001000,17.190000,2.258516
cifar10,standalone,160,400,100,0.001000,14.900000,2.286257
cifar10,standalone,161,400,100,0.001000,15.050000,2.284487
cifar10,standalone,162,400,100,0.001000,17.480000,2.244465
cifar10,standalone,163,400,100,0.001000,16.950000,2.272289
cifar10,standalone,164,400,100,0.001000,15.530000,2.237667
cifar10,standalone,165,400,100,0.001000,15.930000,2.266236
cifar10,standalone,166,400,100,0.001000,19.080000,2.224796
cifar10,standalone,167,400,100,0.001000,16.590000,2.251713
cifar10,standalone,168,400,100,0.001000,21.460000,2.215919
cifar10,standalone,169,400,100,0.001000,14.760000,2.288647
cifar10,standalone,170,400,100,0.001000,16.350000,2.218627
cifar10,standalone,171,400,100,0.001000,19.790000,2.237876
cifar10,standalone,172,400,100,0.001000,16.520000,2.235167
cifar10,standalone,173,400,100,0.001000,16.810000,2.228244
cifar10,standalone,174,400,100,0.001000,17.370000,2.245033
cifar10,standalone,175,400,100,0.001000,21.540000,2.164833
cifar10,standalone,176,400,100,0.001000,14.680000,2.264543
cifar10,standalone,177,400,100,0.001000,20.080000,2.186992
cifar10,standalone,178,400,100,0.001000,11.640000,2.297648
cifar10,standalone,179,400,100,0.001000,21.310000,2.163526
cifar10,standalone,180,400,100,0.001000,20.480000,2.169637
cifar10,standalone,181,400,100,0.001000,19.270000,2.314579
cifar10,standalone,182,400,100,0.001000,15.390000,2.252622
cifar10,standalone,183,400,100,0.001000,15.960000,2.295118
cifar10,standalone,184,400,100,0.001000,21.270000,2.193083
cifar10,standalone,185,400,100,0.001000,18.630000,2.173686
cifar10,standalone,186,400,100,0.001000,17.520000,2.221236
cifar10,standalone,187,400,100,0.001000,19.720000,2.224610
cifar10,standalone,188,400,100,0.001000,22.290000,2.168845
cifar10,standalone,189,400,100,0.001000,19.950000,2.228181
cifar10,standalone,190,400,100,0.001000,19.960000,2.184856
cifar10,standalone,191,400,100,0.001000,15.690000,2.272713
cifar10,standalone,192,400,100,0.001000,16.660000,2.264739
cifar10,standalone,193,400,100,0.001000,20.650000,2.182470
cifar10,standalone,194,400,100,0.001000,15.420000,2.248952
cifar10,standalone,195,400,100,0.001000,18.080000,2.289984
cifar10,standalone,196,400,100,0.001000,24.060000,2.121747
cifar10,standalone,197,400,100,0.001000,13.860000,2.304916
cifar10,standalone,198,400,100,0.001000,17.450000,2.308241
cifar10,standalone,199,400,100,0.001000,21.550000,2.210754
cifar10,standalone,200,400,100,0.001000,13.550000,2.242308
cifar10,standalone,201,400,100,0.001000,20.980000,2.207204
cifar10,standalone,202,400,100,0.001000,14.670000,2.317224
cifar10,standalone,203,400,100,0.001000,16.470000,2.230057
cifar10,standalone,204,400,100,0.001000,18.970000,2.202406
cifar10,standalone,205,400,100,0.001000,21.360000,2.171473
cifar10,standalone,206,400,100,0.001000,15.920000,2.262176
cifar10,standalone,207,400,100,0.001000,17.050000,2.251216
cifar10,standalone,208,400,100,0.001000,17.750000,2.245378
cifar10,standalone,209,400,100,0.001000,21.950000,2.206668
cifar10,standalone,210,400,100,0.001000,17.270000,2.289752
cifar10,standalone,211,400,100,0.001000,16.090000,2.212747
cifar10,standalone,212,400,100,0.001000,18.960000,2.221730
cifar10,standalone,213,400,100,0.001000,17.880000,2.277192
cifar10,standalone,214,400,100,0.001000,18.800000,2.206924
cifar10,standalone,215,400,100,0.001000,19.000000,2.207094
cifar10,standalone,216,400,100,0.001000,16.340000,2.286220
cifar10,standalone,217,400,100,0.001000,16.560000,2.247365
cifar10,standalone,218,400,100,0.001000,21.560000,2.221478
cifar10,standalone,219,400,100,0.001000,18.100000,2.282858
cifar10,standalone,220,400,100,0.001000,15.710000,2.249797
cifar10,standalone,221,400,100,0.001000,18.570000,2.218008
cifar10,standalone,222,400,100,0.001000,22.020000,2.194323
cifar10,standalone,223,400,100,0.001000,19.710000,2.216222
cifar10,standalone,224,400,100,0.001000,16.450000,2.254133
cifar10,standalone,225,400,100,0.001000,18.930000,2.207923
cifar10,standalone,226,400,100,0.001000,17.300000,2.196524
cifar10,standalone,227,400,100,0.001000,16.860000,2.287265
cifar10,standalone,228,400,100,0.001000,19.300000,2.266418
cifar10,standalone,229,400,100,0.001000,18.770000,2.247038
cifar10,standalone,230,400,100,0.001000,16.130000,2.263498
cifar10,standalone,231,400,100,0.001000,20.330000,2.271308
cifar10,standalone,232,400,100,0.001000,18.260000,2.237329
cifar10,standalone,233,400,100,0.001000,14.320000,2.265981
cifar10,standalone,234,400,100,0.001000,12.540000,2.278486
cifar10,standalone,235,400,100,0.001000,20.660000,2.220492
cifar10,standalone,236,400,100,0.001000,20.380000,2.205273
cifar10,standalone,237,400,100,0.001000,18.060000,2.253792
cifar10,standalone,238,400,100,0.001000,14.240000,2.274128
cifar10,standalone,239,400,100,0.001000,19.830000,2.207339
cifar10,standalone,240,400,100,0.001000,19.160000,2.172689
cifar10,standalone,241,400,100,0.001000,16.960000,2.351098
cifar10,standalone,242,400,100,0.001000,19.820000,2.189304
cifar10,standalone,243,400,100,0.001000,15.870000,2.278683
cifar10,standalone,244,400,100,0.001000,20.380000,2.235351
cifar10,standalone,245,400,100,0.001000,19.980000,2.279189
cifar10,standalone,246,400,100,0.001000,12.730000,2.262384
cifar10,standalone,247,400,100,0.001000,15.790000,2.253261
cifar10,standalone,248,400,100,0.001000,21.380000,2.173012
cifar10,standalone,249,400,100,0.001000,17.470000,2.253276
cifar10,standalone,250,400,100,0.001000,13.710000,2.261990
cifar10,standalone,251,400,100,0.001000,18.240000,2.267982
cifar10,standalone,252,400,100,0.001000,20.420000,2.213791
cifar10,standalone,253,400,100,0.001000,18.370000,2.278073
cifar10,standalone,254,400,100,0.001000,16.370000,2.212185
cifar10,standalone,255,400,100,0.001000,16.760000,2.270555
cifar10,standalone,256,400,100,0.001000,18.160000,2.255966
cifar10,standalone,257,400,100,0.001000,20.840000,2.201464
cifar10,standalone,258,400,100,0.001000,21.330000,2.210161
cifar10,standalone,259,400,100,0.001000,16.760000,2.245228
cifar10,standalone,260,400,100,0.001000,17.210000,2.227882
cifar10,standalone,261,400,100,0.001000,20.070000,2.206114
cifar10,standalone,262,400,100,0.001000,16.660000,2.262801
cifar10,standalone,263,400,100,0.001000,17.530000,2.184882
cifar10,standalone,264,400,100,0.001000,17.310000,2.199676
cifar10,standalone,265,400,100,0.001000,19.150000,2.190917
cifar10,standalone,266,400,100,0.001000,19.680000,2.179701
cifar10,standalone,267,400,100,0.001000,19.420000,2.186490
cifar10,standalone,268,400,100,0.001000,16.320000,2.306078
cifar10,standalone,269,400,100,0.001000,18.830000,2.229747
cifar10,standalone,270,400,100,0.001000,19.080000,2.215879
cifar10,standalone,271,400,100,0.001000,13.890000,2.310070
cifar10,standalone,272,400,100,0.001000,14.870000,2.310042
cifar10,standalone,273,400,100,0.001000,19.720000,2.189293
cifar10,standalone,274,400,100,0.001000,17.160000,2.182598
cifar10,standalone,275,400,100,0.001000,16.420000,2.242628
cifar10,standalone,276,400,100,0.001000,15.100000,2.321816
cifar10,standalone,277,400,100,0.001000,18.470000,2.323629
cifar10,standalone,278,400,100,0.001000,20.850000,2.232079
cifar10,standalone,279,400,100,0.001000,18.800000,2.269458
cifar10,standalone,280,400,100,0.001000,11.720000,2.275104
cifar10,standalone,281,400,100,0.001000,20.320000,2.195880
cifar10,standalone,282,400,100,0.001000,10.170000,2.307069
cifar10,standalone,283,400,100,0.001000,16.800000,2.249310
cifar10,standalone,284,400,100,0.001000,18.350000,2.218090
cifar10,standalone,285,400,100,0.001000,21.230000,2.236870
cifar10,standalone,286,400,100,0.001000,15.310000,2.276056
cifar10,standalone,287,400,100,0.001000,18.090000,2.216186
cifar10,standalone,288,400,100,0.001000,16.000000,2.267733
cifar10,standalone,289,400,100,0.001000,16.360000,2.235850
cifar10,standalone,290,400,100,0.001000,19.810000,2.176402
cifar10,standalone,291,400,100,0.001000,15.770000,2.281973
cifar10,standalone,292,400,100,0.001000,16.390000,2.284747
cifar10,standalone,293,400,100,0.001000,18.030000,2.266551
cifar10,standalone,294,400,100,0.001000,16.820000,2.253519
cifar10,standalone,295,400,100,0.001000,18.690000,2.252521
cifar10,standalone,296,400,100,0.001000,17.760000,2.199130
cifar10,standalone,297,400,100,0.001000,15.500000,2.244527
cifar10,standalone,298,400,100,0.001000,21.340000,2.168621
cifar10,standalone,299,400,100,0.001000,18.710000,2.239430
cifar10,standalone,300,400,100,0.001000,16.890000,2.234488
cifar10,standalone,301,400,100,0.001000,19.630000,2.208354
cifar10,standalone,302,400,100,0.001000,17.410000,2.261530
cifar10,standalone,303,400,100,0.001000,17.710000,2.225836
cifar10,standalone,304,400,100,0.001000,21.610000,2.153372
cifar10,standalone,305,400,100,0.001000,20.260000,2.205331
cifar10,standalone,306,400,100,0.001000,21.350000,2.179328
cifar10,standalone,307,400,100,0.001000,19.460000,2.194002
cifar10,standalone,308,400,100,0.001000,19.240000,2.190146
cifar10,standalone,309,400,100,0.001000,18.430000,2.253660
cifar10,standalone,310,400,100,0.001000,12.480000,2.278495
cifar10,standalone,311,400,100,0.001000,19.890000,2.265947
cifar10,standalone,312,400,100,0.001000,14.400000,2.297230
cifar10,standalone,313,400,100,0.001000,17.740000,2.279152
cifar10,standalone,314,400,100,0.001000,21.740000,2.148039
cifar10,standalone,315,400,100,0.001000,19.170000,2.264387
cifar10,standalone,316,400,100,0.001000,17.510000,2.229461
cifar10,standalone,317,400,100,0.001000,16.260000,2.244590
cifar10,standalone,318,400,100,0.001000,22.380000,2.197089
cifar10,standalone,319,400,100,0.001000,19.540000,2.235066
cifar10,standalone,320,400,100,0.001000,18.090000,2.268614
cifar10,standalone,321,400,100,0.001000,21.220000,2.187171
cifar10,standalone,322,400,100,0.001000,21.420000,2.207000
cifar10,standalone,323,400,100,0.001000,19.010000,2.241445
cifar10,standalone,324,400,100,0.001000,15.200000,2.313875
cifar10,standalone,325,400,100,0.001000,15.840000,2.275443
cifar10,standalone,326,400,100,0.001000,22.670000,2.117896
cifar10,standalone,327,400,100,0.001000,19.230000,2.227360
cifar10,standalone,328,400,100,0.001000,16.230000,2.283288
cifar10,standalone,329,400,100,0.001000,15.130000,2.256304
cifar10,standalone,330,400,100,0.001000,19.950000,2.202274
cifar10,standalone,331,400,100,0.001000,19.910000,2.208706
cifar10,standalone,332,400,100,0.001000,23.900000,2.177757
cifar10,standalone,333,400,100,0.001000,16.660000,2.262072
cifar10,standalone,334,400,100,0.001000,17.820000,2.254000
cifar10,standalone,335,400,100,0.001000,21.340000,2.164353
cifar10,standalone,336,400,100,0.001000,17.250000,2.268178
cifar10,standalone,337,400,100,0.001000,18.380000,2.262382
cifar10,standalone,338,400,100,0.001000,18.910000,2.206787
cifar10,standalone,339,400,100,0.001000,19.120000,2.286739
cifar10,standalone,340,400,100,0.001000,18.990000,2.234939
cifar10,standalone,341,400,100,0.001000,15.050000,2.265185
cifar10,standalone,342,400,100,0.001000,19.650000,2.218614
cifar10,standalone,343,400,100,0.001000,19.690000,2.252471
cifar10,standalone,344,400,100,0.001000,17.630000,2.250838
cifar10,standalone,345,400,100,0.001000,19.750000,2.211636
cifar10,standalone,346,400,100,0.001000,16.390000,2.278098
cifar10,standalone,347,400,100,0.001000,15.590000,2.277463
cifar10,standalone,348,400,100,0.001000,15.370000,2.264020
cifar10,standalone,349,400,100,0.001000,13.750000,2.275915
cifar10,standalone,350,400,100,0.001000,17.790000,2.270493
cifar10,standalone,351,400,100,0.001000,19.470000,2.192069
cifar10,standalone,352,400,100,0.001000,17.420000,2.261094
cifar10,standalone,353,400,100,0.001000,16.880000,2.272596
cifar10,standalone,354,400,100,0.001000,17.230000,2.253892
cifar10,standalone,355,400,100,0.001000,18.150000,2.246883
cifar10,standalone,356,400,100,0.001000,12.890000,2.271685
cifar10,standalone,357,400,100,0.001000,18.820000,2.185255
cifar10,standalone,358,400,100,0.001000,16.400000,2.263941
cifar10,standalone,359,400,100,0.001000,22.410000,2.236777
cifar10,standalone,360,400,100,0.001000,18.170000,2.238123
cifar10,standalone,361,400,100,0.001000,18.220000,2.238793
cifar10,standalone,362,400,100,0.001000,20.630000,2.237737
cifar10,standalone,363,400,100,0.001000,18.350000,2.259511
cifar10,standalone,364,400,100,0.001000,18.820000,2.241987
cifar10,standalone,365,400,100,0.001000,17.730000,2.216801
cifar10,standalone,366,400,100,0.001000,15.960000,2.252682
cifar10,standalone,367,400,100,0.001000,21.380000,2.150359
cifar10,standalone,368,400,100,0.001000,22.680000,2.137210
cifar10,standalone,369,400,100,0.001000,18.930000,2.192474
cifar10,standalone,370,400,100,0.001000,12.850000,2.297819
cifar10,standalone,371,400,100,0.001000,20.330000,2.249243
cifar10,standalone,372,400,100,0.001000,18.130000,2.264539
cifar10,standalone,373,400,100,0.001000,18.940000,2.219003
cifar10,standalone,374,400,100,0.001000,21.020000,2.193817
cifar10,standalone,375,400,100,0.001000,22.190000,2.161887
cifar10,standalone,376,400,100,0.001000,17.550000,2.299603
cifar10,standalone,377,400,100,0.001000,18.010000,2.234132
cifar10,standalone,378,400,100,0.001000,19.010000,2.239817
cifar10,standalone,379,400,100,0.001000,19.120000,2.266741
cifar10,standalone,380,400,100,0.001000,18.220000,2.239169
cifar10,standalone,381,400,100,0.001000,18.640000,2.224450
cifar10,standalone,382,400,100,0.001000,20.950000,2.219809
cifar10,standalone,383,400,100,0.001000,13.320000,2.288805
cifar10,standalone,384,400,100,0.001000,15.020000,2.269254
cifar10,standalone,385,400,100,0.001000,12.660000,2.295732
cifar10,standalone,386,400,100,0.001000,22.640000,2.143101
cifar10,standalone,387,400,100,0.001000,14.930000,2.282753
cifar10,standalone,388,400,100,0.001000,16.790000,2.222877
cifar10,standalone,389,400,100,0.001000,22.210000,2.146776
cifar10,standalone,390,400,100,0.001000,20.630000,2.258818
cifar10,standalone,391,400,100,0.001000,22.440000,2.193955
cifar10,standalone,392,400,100,0.001000,20.710000,2.187662
cifar10,standalone,393,400,100,0.001000,16.810000,2.208939
cifar10,standalone,394,400,100,0.001000,17.140000,2.322606
cifar10,standalone,395,400,100,0.001000,19.400000,2.190462
cifar10,standalone,396,400,100,0.001000,16.040000,2.282597
cifar10,standalone,397,400,100,0.001000,17.390000,2.257890
cifar10,standalone,398,400,100,0.001000,17.310000,2.241775
cifar10,standalone,399,400,100,0.001000,12.280000,2.274671
cifar10,DL,0,5,100,0.002,75.730000,0.808613
cifar10,DL,1,5,100,0.002,75.030000,0.823909
cifar10,DL,2,5,100,0.002,74.900000,0.833389
cifar10,DL,3,5,100,0.002,75.120000,0.824314
cifar10,DL,4,5,100,0.002,74.920000,0.824124
cifar10,DL,0,10,100,0.002,73.970000,1.658122
cifar10,DL,0,10,100,0.002,73.760000,1.657903
cifar10,DL,0,10,100,0.002,74.000000,1.661414
cifar10,DL,0,10,100,0.002,73.900000,1.658794
cifar10,DL,0,10,100,0.002,74.190000,1.659621
cifar10,DL,0,10,100,0.002,74.130000,1.667528
cifar10,DL,0,10,100,0.002,73.950000,1.666133
cifar10,DL,0,10,100,0.002,73.880000,1.660204
cifar10,DL,0,10,100,0.002,73.790000,1.663585
cifar10,DL,0,10,100,0.002,73.980000,1.665151
cifar10,DL,0,20,100,0.002,72.310000,1.488358
cifar10,DL,0,20,100,0.002,72.190000,1.487283
cifar10,DL,0,20,100,0.002,72.440000,1.481967
cifar10,DL,0,20,100,0.002,71.770000,1.543369
cifar10,DL,0,20,100,0.002,72.240000,1.479829
cifar10,DL,0,20,100,0.002,71.670000,1.513128
cifar10,DL,0,20,100,0.002,71.740000,1.527607
cifar10,DL,0,20,100,0.002,72.060000,1.486224
cifar10,DL,0,20,100,0.002,72.010000,1.510210
cifar10,DL,0,20,100,0.002,71.080000,1.551258
cifar10,DL,0,20,100,0.002,72.220000,1.485728
cifar10,DL,0,20,100,0.002,72.120000,1.496006
cifar10,DL,0,20,100,0.002,71.490000,1.532414
cifar10,DL,0,20,100,0.002,72.060000,1.499391
cifar10,DL,0,20,100,0.002,71.870000,1.501232
cifar10,DL,0,20,100,0.002,71.660000,1.517557
cifar10,DL,0,20,100,0.002,72.510000,1.483826
cifar10,DL,0,20,100,0.002,72.030000,1.506905
cifar10,DL,0,20,100,0.002,72.600000,1.482481
cifar10,DL,0,20,100,0.002,71.630000,1.523667
cifar10,DL,0,50,100,0.002,70.270000,1.207974
cifar10,DL,0,50,100,0.002,69.090000,1.258456
cifar10,DL,0,50,100,0.002,69.930000,1.225033
cifar10,DL,0,50,100,0.002,69.120000,1.295728
cifar10,DL,0,50,100,0.002,69.920000,1.221027
cifar10,DL,0,50,100,0.002,68.730000,1.260493
cifar10,DL,0,50,100,0.002,68.840000,1.234865
cifar10,DL,0,50,100,0.002,69.460000,1.232341
cifar10,DL,0,50,100,0.002,68.750000,1.321637
cifar10,DL,0,50,100,0.002,69.920000,1.233562
cifar10,DL,0,50,100,0.002,69.920000,1.243242
cifar10,DL,0,50,100,0.002,69.430000,1.222013
cifar10,DL,0,50,100,0.002,69.040000,1.263032
cifar10,DL,0,50,100,0.002,68.760000,1.303384
cifar10,DL,0,50,100,0.002,69.730000,1.237866
cifar10,DL,0,50,100,0.002,69.280000,1.265194
cifar10,DL,0,50,100,0.002,70.120000,1.225263
cifar10,DL,0,50,100,0.002,69.050000,1.290995
cifar10,DL,0,50,100,0.002,70.560000,1.237188
cifar10,DL,0,50,100,0.002,69.160000,1.263815
cifar10,DL,0,50,100,0.002,68.900000,1.274712
cifar10,DL,0,50,100,0.002,69.450000,1.243418
cifar10,DL,0,50,100,0.002,69.760000,1.235777
cifar10,DL,0,50,100,0.002,69.370000,1.262196
cifar10,DL,0,50,100,0.002,69.490000,1.236084
cifar10,DL,0,50,100,0.002,69.810000,1.236095
cifar10,DL,0,50,100,0.002,70.010000,1.207996
cifar10,DL,0,50,100,0.002,69.620000,1.244375
cifar10,DL,0,50,100,0.002,70.200000,1.183001
cifar10,DL,0,50,100,0.002,67.830000,1.335412
cifar10,DL,0,50,100,0.002,70.040000,1.199471
cifar10,DL,0,50,100,0.002,69.590000,1.249818
cifar10,DL,0,50,100,0.002,69.170000,1.268282
cifar10,DL,0,50,100,0.002,69.850000,1.226273
cifar10,DL,0,50,100,0.002,68.900000,1.255920
cifar10,DL,0,50,100,0.002,70.130000,1.223529
cifar10,DL,0,50,100,0.002,69.760000,1.246676
cifar10,DL,0,50,100,0.002,70.010000,1.220589
cifar10,DL,0,50,100,0.002,68.780000,1.266427
cifar10,DL,0,50,100,0.002,69.660000,1.219857
cifar10,DL,0,50,100,0.002,69.020000,1.287456
cifar10,DL,0,50,100,0.002,68.900000,1.320229
cifar10,DL,0,50,100,0.002,67.900000,1.336536
cifar10,DL,0,50,100,0.002,69.200000,1.280919
cifar10,DL,0,50,100,0.002,68.100000,1.286326
cifar10,DL,0,50,100,0.002,69.640000,1.239246
cifar10,DL,0,50,100,0.002,68.580000,1.232519
cifar10,DL,0,50,100,0.002,69.820000,1.232258
cifar10,DL,0,50,100,0.002,69.620000,1.242173
cifar10,DL,0,50,100,0.002,69.700000,1.249834
cifar10,DL,0,100,100,0.002,67.210000,1.198634
cifar10,DL,0,100,100,0.002,66.720000,1.276883
cifar10,DL,0,100,100,0.002,67.990000,1.210770
cifar10,DL,0,100,100,0.002,66.000000,1.280932
cifar10,DL,0,100,100,0.002,66.900000,1.234065
cifar10,DL,0,100,100,0.002,67.400000,1.178757
cifar10,DL,0,100,100,0.002,67.880000,1.167635
cifar10,DL,0,100,100,0.002,66.850000,1.199946
cifar10,DL,0,100,100,0.002,66.880000,1.227333
cifar10,DL,0,100,100,0.002,65.900000,1.258702
cifar10,DL,0,100,100,0.002,65.060000,1.286689
cifar10,DL,0,100,100,0.002,67.120000,1.203142
cifar10,DL,0,100,100,0.002,67.940000,1.178088
cifar10,DL,0,100,100,0.002,67.590000,1.177767
cifar10,DL,0,100,100,0.002,66.550000,1.256769
cifar10,DL,0,100,100,0.002,66.490000,1.260178
cifar10,DL,0,100,100,0.002,67.710000,1.153818
cifar10,DL,0,100,100,0.002,67.100000,1.235160
cifar10,DL,0,100,100,0.002,66.320000,1.261979
cifar10,DL,0,100,100,0.002,66.830000,1.226317
cifar10,DL,0,100,100,0.002,66.190000,1.229920
cifar10,DL,0,100,100,0.002,67.630000,1.158880
cifar10,DL,0,100,100,0.002,67.040000,1.180173
cifar10,DL,0,100,100,0.002,67.180000,1.229035
cifar10,DL,0,100,100,0.002,67.160000,1.203538
cifar10,DL,0,100,100,0.002,67.300000,1.211411
cifar10,DL,0,100,100,0.002,66.780000,1.210172
cifar10,DL,0,100,100,0.002,66.940000,1.163803
cifar10,DL,0,100,100,0.002,65.510000,1.251322
cifar10,DL,0,100,100,0.002,67.420000,1.219507
cifar10,DL,0,100,100,0.002,67.350000,1.149906
cifar10,DL,0,100,100,0.002,67.220000,1.220708
cifar10,DL,0,100,100,0.002,66.710000,1.206626
cifar10,DL,0,100,100,0.002,66.210000,1.272108
cifar10,DL,0,100,100,0.002,67.370000,1.202736
cifar10,DL,0,100,100,0.002,66.710000,1.206591
cifar10,DL,0,100,100,0.002,67.740000,1.207687
cifar10,DL,0,100,100,0.002,66.640000,1.226959
cifar10,DL,0,100,100,0.002,67.000000,1.224245
cifar10,DL,0,100,100,0.002,66.280000,1.283810
cifar10,DL,0,100,100,0.002,67.560000,1.172346
cifar10,DL,0,100,100,0.002,66.820000,1.211971
cifar10,DL,0,100,100,0.002,66.960000,1.240199
cifar10,DL,0,100,100,0.002,67.560000,1.212460
cifar10,DL,0,100,100,0.002,66.080000,1.212721
cifar10,DL,0,100,100,0.002,67.940000,1.169153
cifar10,DL,0,100,100,0.002,66.380000,1.199910
cifar10,DL,0,100,100,0.002,66.750000,1.223810
cifar10,DL,0,100,100,0.002,66.330000,1.239770
cifar10,DL,0,100,100,0.002,65.630000,1.230590
cifar10,DL,0,100,100,0.002,66.560000,1.243952
cifar10,DL,0,100,100,0.002,66.920000,1.191590
cifar10,DL,0,100,100,0.002,66.390000,1.180794
cifar10,DL,0,100,100,0.002,66.770000,1.240250
cifar10,DL,0,100,100,0.002,68.990000,1.168839
cifar10,DL,0,100,100,0.002,66.860000,1.256926
cifar10,DL,0,100,100,0.002,67.760000,1.208685
cifar10,DL,0,100,100,0.002,67.400000,1.182582
cifar10,DL,0,100,100,0.002,67.770000,1.189611
cifar10,DL,0,100,100,0.002,66.560000,1.246587
cifar10,DL,0,100,100,0.002,67.330000,1.184151
cifar10,DL,0,100,100,0.002,67.360000,1.246004
cifar10,DL,0,100,100,0.002,67.440000,1.188544
cifar10,DL,0,100,100,0.002,66.980000,1.226617
cifar10,DL,0,100,100,0.002,67.020000,1.205349
cifar10,DL,0,100,100,0.002,65.750000,1.272128
cifar10,DL,0,100,100,0.002,67.000000,1.234852
cifar10,DL,0,100,100,0.002,67.900000,1.204721
cifar10,DL,0,100,100,0.002,65.870000,1.245016
cifar10,DL,0,100,100,0.002,67.190000,1.206943
cifar10,DL,0,100,100,0.002,67.510000,1.175920
cifar10,DL,0,100,100,0.002,67.450000,1.221511
cifar10,DL,0,100,100,0.002,67.370000,1.229505
cifar10,DL,0,100,100,0.002,67.160000,1.217671
cifar10,DL,0,100,100,0.002,66.080000,1.285615
cifar10,DL,0,100,100,0.002,67.170000,1.234083
cifar10,DL,0,100,100,0.002,67.130000,1.230343
cifar10,DL,0,100,100,0.002,66.170000,1.220645
cifar10,DL,0,100,100,0.002,66.690000,1.209642
cifar10,DL,0,100,100,0.002,66.400000,1.238569
cifar10,DL,0,100,100,0.002,66.900000,1.202788
cifar10,DL,0,100,100,0.002,66.750000,1.205402
cifar10,DL,0,100,100,0.002,68.030000,1.199689
cifar10,DL,0,100,100,0.002,67.170000,1.178806
cifar10,DL,0,100,100,0.002,66.870000,1.208588
cifar10,DL,0,100,100,0.002,66.600000,1.192016
cifar10,DL,0,100,100,0.002,64.970000,1.320237
cifar10,DL,0,100,100,0.002,67.210000,1.189064
cifar10,DL,0,100,100,0.002,66.590000,1.232090
cifar10,DL,0,100,100,0.002,68.020000,1.179655
cifar10,DL,0,100,100,0.002,67.020000,1.228352
cifar10,DL,0,100,100,0.002,67.330000,1.191196
cifar10,DL,0,100,100,0.002,67.960000,1.165366
cifar10,DL,0,100,100,0.002,67.720000,1.177288
cifar10,DL,0,100,100,0.002,67.110000,1.209928
cifar10,DL,0,100,100,0.002,65.600000,1.281082
cifar10,DL,0,100,100,0.002,67.030000,1.183783
cifar10,DL,0,100,100,0.002,66.590000,1.210422
cifar10,DL,0,100,100,0.002,66.700000,1.298492
cifar10,DL,0,100,100,0.002,67.300000,1.184790
cifar10,FL,0,5,100,0.002,76.460000,0.746541
cifar10,FL,0,10,100,0.002,76.370000,0.733913
cifar10,FL,0,20,100,0.002,76.450000,0.719086
cifar10,FL,0,50,100,0.002,75.910000,0.738328
cifar10,FL,0,100,100,0.002,74.180000,0.766721
cifar10,FL,0,200,100,0.002,70.050000,0.854977
cifar10,FL,0,400,100,0.002,63.540000,1.025112
cifar10,KD,0,5,100,0.1,69.540000,0.907664
cifar10,KD,0,10,100,0.1,66.180000,0.967824
cifar10,KD,0,20,100,0.1,60.570000,1.135072
cifar10,KD,0,50,100,0.1,48.200000,1.511213
cifar10,KD,0,100,100,0.1,41.070000,1.746222
cifar10,KD,0,200,100,0.1,36.560000,1.944060
cifar10,KD,0,400,100,0.1,32.640000,2.172926
cifar10,FL+KD,0,100,100,0.1,63.5,1.055166